{
  "best_epoch": 1,
  "peak_cpu_memory_MB": 1412.108288,
  "training_duration": "1:20:46.014264",
  "training_start_epoch": 0,
  "training_epochs": 1,
  "epoch": 1,
  "training_loss": 1.0858308832696144,
  "training_cpu_memory_MB": 1412.108288,
  "validation_loss": 1.0808015689253807,
  "best_validation_loss": 1.0808015689253807
}